username,studentId,fullName,email,password,avatar,bio,gender,phonNum,studyIn,domain,isActive,role
swatikulkarni0,STU1000,Swati Kulkarni,swatikulkarni0@example.com,hashedpassword123,https://randomuser.me/api/portraits/women/1.jpg,Learning algorithms and system design.,female,9430189139,BSc Computer Science,Data Science,True,student
pallavikulkarni1,STU1001,Pallavi Kulkarni,pallavikulkarni1@example.com,hashedpassword123,https://randomuser.me/api/portraits/women/2.jpg,Focused on modern frontend frameworks.,female,9741888403,BTech IT,Cyber Security,True,student
rashmideshmukh2,STU1002,Rashmi Deshmukh,rashmideshmukh2@example.com,hashedpassword123,https://randomuser.me/api/portraits/women/3.jpg,Exploring backend architectures and APIs.,female,9627256780,MCA,DevOps,True,student
rashmisharma3,STU1003,Rashmi Sharma,rashmisharma3@example.com,hashedpassword123,https://randomuser.me/api/portraits/women/4.jpg,Interested in building scalable web applications.,female,9358176581,MSc Data Science,Mobile Development,True,student
snehamore4,STU1004,Sneha More,snehamore4@example.com,hashedpassword123,https://randomuser.me/api/portraits/women/5.jpg,Enjoys working on open source projects.,female,9141474900,MCA,Data Science,True,student
snehayadav5,STU1005,Sneha Yadav,snehayadav5@example.com,hashedpassword123,https://randomuser.me/api/portraits/women/6.jpg,Exploring backend architectures and APIs.,female,9942269977,BTech IT,UI/UX,True,student
priyamore6,STU1006,Priya More,priyamore6@example.com,hashedpassword123,https://randomuser.me/api/portraits/women/7.jpg,Enjoys working on open source projects.,female,9083282323,BTech IT,UI/UX,True,student
manishchavan7,STU1007,Manish Chavan,manishchavan7@example.com,hashedpassword123,https://randomuser.me/api/portraits/men/8.jpg,Focused on modern frontend frameworks.,male,9299908700,BCA,Cyber Security,True,student
harshjoshi8,STU1008,Harsh Joshi,harshjoshi8@example.com,hashedpassword123,https://randomuser.me/api/portraits/men/9.jpg,Passionate about technology and software development.,male,9232919959,MSc Data Science,DevOps,True,student
deepakpatel9,STU1009,Deepak Patel,deepakpatel9@example.com,hashedpassword123,https://randomuser.me/api/portraits/men/10.jpg,Exploring backend architectures and APIs.,male,9598684855,MSc Data Science,Web Development,True,student
riyashinde10,STU1010,Riya Shinde,riyashinde10@example.com,hashedpassword123,https://randomuser.me/api/portraits/women/11.jpg,Exploring backend architectures and APIs.,female,9273514943,MCA,Cloud Computing,True,student
ankityadav11,STU1011,Ankit Yadav,ankityadav11@example.com,hashedpassword123,https://randomuser.me/api/portraits/men/12.jpg,Exploring backend architectures and APIs.,male,9224644663,MCA,Cyber Security,True,student
nehasharma12,STU1012,Neha Sharma,nehasharma12@example.com,hashedpassword123,https://randomuser.me/api/portraits/women/13.jpg,Interested in building scalable web applications.,female,9039643683,BCA,Machine Learning,True,student
ishayadav13,STU1013,Isha Yadav,ishayadav13@example.com,hashedpassword123,https://randomuser.me/api/portraits/women/14.jpg,Enjoys working on open source projects.,female,9342167852,BTech IT,Mobile Development,True,student
yashpatel14,STU1014,Yash Patel,yashpatel14@example.com,hashedpassword123,https://randomuser.me/api/portraits/men/15.jpg,Learning algorithms and system design.,male,9432670801,BCA,Machine Learning,True,student
priyayadav15,STU1015,Priya Yadav,priyayadav15@example.com,hashedpassword123,https://randomuser.me/api/portraits/women/16.jpg,Exploring backend architectures and APIs.,female,9553636952,BCA,UI/UX,True,student
payalkumar16,STU1016,Payal Kumar,payalkumar16@example.com,hashedpassword123,https://randomuser.me/api/portraits/women/17.jpg,Enjoys working on open source projects.,female,9262386946,BTech IT,DevOps,True,student
amitjadhav17,STU1017,Amit Jadhav,amitjadhav17@example.com,hashedpassword123,https://randomuser.me/api/portraits/men/18.jpg,Enjoys working on open source projects.,male,9140879584,BTech CSE,UI/UX,True,student
swatipatil18,STU1018,Swati Patil,swatipatil18@example.com,hashedpassword123,https://randomuser.me/api/portraits/women/19.jpg,Interested in building scalable web applications.,female,9777983360,MSc Data Science,Web Development,True,student
rahulkulkarni19,STU1019,Rahul Kulkarni,rahulkulkarni19@example.com,hashedpassword123,https://randomuser.me/api/portraits/men/20.jpg,Passionate about technology and software development.,male,9669499358,BTech IT,Web Development,True,student
sagarjoshi20,STU1020,Sagar Joshi,sagarjoshi20@example.com,hashedpassword123,https://randomuser.me/api/portraits/men/21.jpg,Focused on modern frontend frameworks.,male,9085616015,MCA,Mobile Development,True,student
shrutikulkarni21,STU1021,Shruti Kulkarni,shrutikulkarni21@example.com,hashedpassword123,https://randomuser.me/api/portraits/women/22.jpg,Learning algorithms and system design.,female,9775394864,MSc Data Science,UI/UX,True,student
priyakulkarni22,STU1022,Priya Kulkarni,priyakulkarni22@example.com,hashedpassword123,https://randomuser.me/api/portraits/women/23.jpg,Enjoys working on open source projects.,female,9897087741,MCA,Web Development,True,student
varunverma23,STU1023,Varun Verma,varunverma23@example.com,hashedpassword123,https://randomuser.me/api/portraits/men/24.jpg,Learning algorithms and system design.,male,9823379780,MCA,UI/UX,True,student
priyapatil24,STU1024,Priya Patil,priyapatil24@example.com,hashedpassword123,https://randomuser.me/api/portraits/women/25.jpg,Exploring backend architectures and APIs.,female,9956807649,MSc Data Science,Data Science,True,student
riteshjoshi25,STU1025,Ritesh Joshi,riteshjoshi25@example.com,hashedpassword123,https://randomuser.me/api/portraits/men/26.jpg,Interested in building scalable web applications.,male,9913118656,BTech CSE,Web Development,True,student
rohitjoshi26,STU1026,Rohit Joshi,rohitjoshi26@example.com,hashedpassword123,https://randomuser.me/api/portraits/men/27.jpg,Learning algorithms and system design.,male,9174272259,MCA,Machine Learning,True,student
rashmichavan27,STU1027,Rashmi Chavan,rashmichavan27@example.com,hashedpassword123,https://randomuser.me/api/portraits/women/28.jpg,Passionate about technology and software development.,female,9268916266,BTech CSE,Data Science,True,student
akashchavan28,STU1028,Akash Chavan,akashchavan28@example.com,hashedpassword123,https://randomuser.me/api/portraits/men/29.jpg,Learning algorithms and system design.,male,9567052374,BSc Computer Science,Web Development,True,student
arjungupta29,STU1029,Arjun Gupta,arjungupta29@example.com,hashedpassword123,https://randomuser.me/api/portraits/men/30.jpg,Exploring backend architectures and APIs.,male,9685629347,BTech IT,Mobile Development,True,student
riyapatil30,STU1030,Riya Patil,riyapatil30@example.com,hashedpassword123,https://randomuser.me/api/portraits/women/31.jpg,Passionate about technology and software development.,female,9965459753,MCA,DevOps,True,student
manishjoshi31,STU1031,Manish Joshi,manishjoshi31@example.com,hashedpassword123,https://randomuser.me/api/portraits/men/32.jpg,Learning algorithms and system design.,male,9078110758,MSc Data Science,Web Development,True,student
poojagupta32,STU1032,Pooja Gupta,poojagupta32@example.com,hashedpassword123,https://randomuser.me/api/portraits/women/33.jpg,Learning algorithms and system design.,female,9501963374,BTech CSE,Cyber Security,True,student
priyasharma33,STU1033,Priya Sharma,priyasharma33@example.com,hashedpassword123,https://randomuser.me/api/portraits/women/34.jpg,Passionate about technology and software development.,female,9966062506,BSc Computer Science,Cloud Computing,True,student
tanvishinde34,STU1034,Tanvi Shinde,tanvishinde34@example.com,hashedpassword123,https://randomuser.me/api/portraits/women/35.jpg,Learning algorithms and system design.,female,9457701800,BCA,Cloud Computing,True,student
vikasyadav35,STU1035,Vikas Yadav,vikasyadav35@example.com,hashedpassword123,https://randomuser.me/api/portraits/men/36.jpg,Interested in building scalable web applications.,male,9333756809,BTech IT,Cyber Security,True,student
pallavijoshi36,STU1036,Pallavi Joshi,pallavijoshi36@example.com,hashedpassword123,https://randomuser.me/api/portraits/women/37.jpg,Interested in building scalable web applications.,female,9305301602,BTech CSE,Web Development,True,student
vikaspatel37,STU1037,Vikas Patel,vikaspatel37@example.com,hashedpassword123,https://randomuser.me/api/portraits/men/38.jpg,Passionate about technology and software development.,male,9522632460,MCA,DevOps,True,student
siddharthpatel38,STU1038,Siddharth Patel,siddharthpatel38@example.com,hashedpassword123,https://randomuser.me/api/portraits/men/39.jpg,Focused on modern frontend frameworks.,male,9267027220,BCA,Mobile Development,True,student
arjunpatil39,STU1039,Arjun Patil,arjunpatil39@example.com,hashedpassword123,https://randomuser.me/api/portraits/men/40.jpg,Passionate about technology and software development.,male,9384041845,MSc Data Science,Cloud Computing,True,student
poojapatel40,STU1040,Pooja Patel,poojapatel40@example.com,hashedpassword123,https://randomuser.me/api/portraits/women/41.jpg,Enjoys working on open source projects.,female,9111418746,BTech IT,Machine Learning,True,student
siddharthchavan41,STU1041,Siddharth Chavan,siddharthchavan41@example.com,hashedpassword123,https://randomuser.me/api/portraits/men/42.jpg,Interested in building scalable web applications.,male,9890066281,BTech CSE,Web Development,True,student
amitmore42,STU1042,Amit More,amitmore42@example.com,hashedpassword123,https://randomuser.me/api/portraits/men/43.jpg,Learning algorithms and system design.,male,9995838649,BTech IT,Cloud Computing,True,student
nehamore43,STU1043,Neha More,nehamore43@example.com,hashedpassword123,https://randomuser.me/api/portraits/women/44.jpg,Enjoys working on open source projects.,female,9793468017,BSc Computer Science,Web Development,True,student
kavyadeshmukh44,STU1044,Kavya Deshmukh,kavyadeshmukh44@example.com,hashedpassword123,https://randomuser.me/api/portraits/women/45.jpg,Focused on modern frontend frameworks.,female,9043139029,BTech IT,Web Development,True,student
divyakulkarni45,STU1045,Divya Kulkarni,divyakulkarni45@example.com,hashedpassword123,https://randomuser.me/api/portraits/women/46.jpg,Enjoys working on open source projects.,female,9629855495,BTech IT,Machine Learning,True,student
akashverma46,STU1046,Akash Verma,akashverma46@example.com,hashedpassword123,https://randomuser.me/api/portraits/men/47.jpg,Enjoys working on open source projects.,male,9338940088,BTech IT,Web Development,True,student
pallavimore47,STU1047,Pallavi More,pallavimore47@example.com,hashedpassword123,https://randomuser.me/api/portraits/women/48.jpg,Focused on modern frontend frameworks.,female,9076079641,BCA,Data Science,True,student
siddharthmore48,STU1048,Siddharth More,siddharthmore48@example.com,hashedpassword123,https://randomuser.me/api/portraits/men/49.jpg,Learning algorithms and system design.,male,9590570412,MCA,Data Science,True,student
shrutimore49,STU1049,Shruti More,shrutimore49@example.com,hashedpassword123,https://randomuser.me/api/portraits/women/50.jpg,Interested in building scalable web applications.,female,9206601624,MCA,Web Development,True,student
snehakulkarni50,STU1050,Sneha Kulkarni,snehakulkarni50@example.com,hashedpassword123,https://randomuser.me/api/portraits/women/51.jpg,Passionate about technology and software development.,female,9553025972,MSc Data Science,DevOps,True,student
tanvijadhav51,STU1051,Tanvi Jadhav,tanvijadhav51@example.com,hashedpassword123,https://randomuser.me/api/portraits/women/52.jpg,Interested in building scalable web applications.,female,9220668931,MCA,DevOps,True,student
manishsharma52,STU1052,Manish Sharma,manishsharma52@example.com,hashedpassword123,https://randomuser.me/api/portraits/men/53.jpg,Enjoys working on open source projects.,male,9538343471,MCA,DevOps,True,student
nishakulkarni53,STU1053,Nisha Kulkarni,nishakulkarni53@example.com,hashedpassword123,https://randomuser.me/api/portraits/women/54.jpg,Interested in building scalable web applications.,female,9410713653,BTech IT,Machine Learning,True,student
kavyashinde54,STU1054,Kavya Shinde,kavyashinde54@example.com,hashedpassword123,https://randomuser.me/api/portraits/women/55.jpg,Exploring backend architectures and APIs.,female,9936051412,BTech CSE,Machine Learning,True,student
arjunshinde55,STU1055,Arjun Shinde,arjunshinde55@example.com,hashedpassword123,https://randomuser.me/api/portraits/men/56.jpg,Focused on modern frontend frameworks.,male,9293308819,BCA,Cloud Computing,True,student
kavyakumar56,STU1056,Kavya Kumar,kavyakumar56@example.com,hashedpassword123,https://randomuser.me/api/portraits/women/57.jpg,Focused on modern frontend frameworks.,female,9420352784,BCA,Machine Learning,True,student
kavyasharma57,STU1057,Kavya Sharma,kavyasharma57@example.com,hashedpassword123,https://randomuser.me/api/portraits/women/58.jpg,Focused on modern frontend frameworks.,female,9983671749,BTech CSE,UI/UX,True,student
siddharthkulkarni58,STU1058,Siddharth Kulkarni,siddharthkulkarni58@example.com,hashedpassword123,https://randomuser.me/api/portraits/men/59.jpg,Passionate about technology and software development.,male,9535054331,MCA,Data Science,True,student
snehajadhav59,STU1059,Sneha Jadhav,snehajadhav59@example.com,hashedpassword123,https://randomuser.me/api/portraits/women/60.jpg,Interested in building scalable web applications.,female,9696952330,BCA,Cyber Security,True,student
rohitkumar60,STU1060,Rohit Kumar,rohitkumar60@example.com,hashedpassword123,https://randomuser.me/api/portraits/men/61.jpg,Enjoys working on open source projects.,male,9799832248,MCA,Data Science,True,student
sagarpawar61,STU1061,Sagar Pawar,sagarpawar61@example.com,hashedpassword123,https://randomuser.me/api/portraits/men/62.jpg,Focused on modern frontend frameworks.,male,9870562744,BSc Computer Science,Machine Learning,True,student
rohitjadhav62,STU1062,Rohit Jadhav,rohitjadhav62@example.com,hashedpassword123,https://randomuser.me/api/portraits/men/63.jpg,Passionate about technology and software development.,male,9864100621,BTech IT,Web Development,True,student
harshshinde63,STU1063,Harsh Shinde,harshshinde63@example.com,hashedpassword123,https://randomuser.me/api/portraits/men/64.jpg,Enjoys working on open source projects.,male,9655753103,BSc Computer Science,Cloud Computing,True,student
nehajadhav64,STU1064,Neha Jadhav,nehajadhav64@example.com,hashedpassword123,https://randomuser.me/api/portraits/women/65.jpg,Focused on modern frontend frameworks.,female,9851037625,MSc Data Science,Data Science,True,student
manishmore65,STU1065,Manish More,manishmore65@example.com,hashedpassword123,https://randomuser.me/api/portraits/men/66.jpg,Interested in building scalable web applications.,male,9859101939,MSc Data Science,Cloud Computing,True,student
ishajadhav66,STU1066,Isha Jadhav,ishajadhav66@example.com,hashedpassword123,https://randomuser.me/api/portraits/women/67.jpg,Enjoys working on open source projects.,female,9919749667,BCA,Mobile Development,True,student
yashkumar67,STU1067,Yash Kumar,yashkumar67@example.com,hashedpassword123,https://randomuser.me/api/portraits/men/68.jpg,Exploring backend architectures and APIs.,male,9685933614,MCA,Data Science,True,student
ankitpatel68,STU1068,Ankit Patel,ankitpatel68@example.com,hashedpassword123,https://randomuser.me/api/portraits/men/69.jpg,Exploring backend architectures and APIs.,male,9793333192,BTech IT,UI/UX,True,student
tanvideshmukh69,STU1069,Tanvi Deshmukh,tanvideshmukh69@example.com,hashedpassword123,https://randomuser.me/api/portraits/women/70.jpg,Focused on modern frontend frameworks.,female,9744276442,BTech IT,Data Science,True,student
manishpatel70,STU1070,Manish Patel,manishpatel70@example.com,hashedpassword123,https://randomuser.me/api/portraits/men/71.jpg,Exploring backend architectures and APIs.,male,9217607298,BSc Computer Science,Cyber Security,True,student
adityajadhav71,STU1071,Aditya Jadhav,adityajadhav71@example.com,hashedpassword123,https://randomuser.me/api/portraits/men/72.jpg,Learning algorithms and system design.,male,9234765786,BTech IT,UI/UX,True,student
deepaksharma72,STU1072,Deepak Sharma,deepaksharma72@example.com,hashedpassword123,https://randomuser.me/api/portraits/men/73.jpg,Learning algorithms and system design.,male,9885225787,BSc Computer Science,Mobile Development,True,student
pallavikumar73,STU1073,Pallavi Kumar,pallavikumar73@example.com,hashedpassword123,https://randomuser.me/api/portraits/women/74.jpg,Interested in building scalable web applications.,female,9876678594,BTech IT,Cyber Security,True,student
arjundeshmukh74,STU1074,Arjun Deshmukh,arjundeshmukh74@example.com,hashedpassword123,https://randomuser.me/api/portraits/men/75.jpg,Focused on modern frontend frameworks.,male,9399399841,MCA,Web Development,True,student
riteshshinde75,STU1075,Ritesh Shinde,riteshshinde75@example.com,hashedpassword123,https://randomuser.me/api/portraits/men/76.jpg,Focused on modern frontend frameworks.,male,9620917191,MCA,DevOps,True,student
karanyadav76,STU1076,Karan Yadav,karanyadav76@example.com,hashedpassword123,https://randomuser.me/api/portraits/men/77.jpg,Exploring backend architectures and APIs.,male,9125857884,MCA,Machine Learning,True,student
karanpawar77,STU1077,Karan Pawar,karanpawar77@example.com,hashedpassword123,https://randomuser.me/api/portraits/men/78.jpg,Focused on modern frontend frameworks.,male,9467607267,BTech IT,Cyber Security,True,student
shrutipawar78,STU1078,Shruti Pawar,shrutipawar78@example.com,hashedpassword123,https://randomuser.me/api/portraits/women/79.jpg,Interested in building scalable web applications.,female,9372068853,BTech IT,DevOps,True,student
payaljadhav79,STU1079,Payal Jadhav,payaljadhav79@example.com,hashedpassword123,https://randomuser.me/api/portraits/women/80.jpg,Passionate about technology and software development.,female,9962964952,MSc Data Science,Machine Learning,True,student
arjunpawar80,STU1080,Arjun Pawar,arjunpawar80@example.com,hashedpassword123,https://randomuser.me/api/portraits/men/81.jpg,Enjoys working on open source projects.,male,9248471143,BTech IT,Mobile Development,True,student
riyapawar81,STU1081,Riya Pawar,riyapawar81@example.com,hashedpassword123,https://randomuser.me/api/portraits/women/82.jpg,Interested in building scalable web applications.,female,9018504414,BCA,Cyber Security,True,student
priyakumar82,STU1082,Priya Kumar,priyakumar82@example.com,hashedpassword123,https://randomuser.me/api/portraits/women/83.jpg,Focused on modern frontend frameworks.,female,9104900408,BSc Computer Science,UI/UX,True,student
riyakumar83,STU1083,Riya Kumar,riyakumar83@example.com,hashedpassword123,https://randomuser.me/api/portraits/women/84.jpg,Passionate about technology and software development.,female,9481562851,MSc Data Science,Mobile Development,True,student
karanpawar84,STU1084,Karan Pawar,karanpawar84@example.com,hashedpassword123,https://randomuser.me/api/portraits/men/85.jpg,Learning algorithms and system design.,male,9908739899,BTech CSE,Data Science,True,student
ishachavan85,STU1085,Isha Chavan,ishachavan85@example.com,hashedpassword123,https://randomuser.me/api/portraits/women/86.jpg,Focused on modern frontend frameworks.,female,9200837286,BTech CSE,UI/UX,True,student
ankitsharma86,STU1086,Ankit Sharma,ankitsharma86@example.com,hashedpassword123,https://randomuser.me/api/portraits/men/87.jpg,Exploring backend architectures and APIs.,male,9405077305,BTech IT,Machine Learning,True,student
karanpatil87,STU1087,Karan Patil,karanpatil87@example.com,hashedpassword123,https://randomuser.me/api/portraits/men/88.jpg,Focused on modern frontend frameworks.,male,9797586403,BTech CSE,DevOps,True,student
poojasharma88,STU1088,Pooja Sharma,poojasharma88@example.com,hashedpassword123,https://randomuser.me/api/portraits/women/89.jpg,Learning algorithms and system design.,female,9281276854,MCA,Mobile Development,True,student
vikasverma89,STU1089,Vikas Verma,vikasverma89@example.com,hashedpassword123,https://randomuser.me/api/portraits/men/90.jpg,Enjoys working on open source projects.,male,9767081622,BTech IT,DevOps,True,student
rashmiyadav90,STU1090,Rashmi Yadav,rashmiyadav90@example.com,hashedpassword123,https://randomuser.me/api/portraits/women/1.jpg,Enjoys working on open source projects.,female,9593950204,BSc Computer Science,Cyber Security,True,student
rohitmore91,STU1091,Rohit More,rohitmore91@example.com,hashedpassword123,https://randomuser.me/api/portraits/men/2.jpg,Enjoys working on open source projects.,male,9586871000,MSc Data Science,Data Science,True,student
shrutijadhav92,STU1092,Shruti Jadhav,shrutijadhav92@example.com,hashedpassword123,https://randomuser.me/api/portraits/women/3.jpg,Interested in building scalable web applications.,female,9540862133,MSc Data Science,Cyber Security,True,student
vikasverma93,STU1093,Vikas Verma,vikasverma93@example.com,hashedpassword123,https://randomuser.me/api/portraits/men/4.jpg,Focused on modern frontend frameworks.,male,9507825600,BSc Computer Science,Web Development,True,student
varunkumar94,STU1094,Varun Kumar,varunkumar94@example.com,hashedpassword123,https://randomuser.me/api/portraits/men/5.jpg,Passionate about technology and software development.,male,9049152599,BCA,Machine Learning,True,student
payalpatel95,STU1095,Payal Patel,payalpatel95@example.com,hashedpassword123,https://randomuser.me/api/portraits/women/6.jpg,Enjoys working on open source projects.,female,9090829930,MCA,Web Development,True,student
deepakkulkarni96,STU1096,Deepak Kulkarni,deepakkulkarni96@example.com,hashedpassword123,https://randomuser.me/api/portraits/men/7.jpg,Focused on modern frontend frameworks.,male,9155705039,BTech IT,Web Development,True,student
deepakjadhav97,STU1097,Deepak Jadhav,deepakjadhav97@example.com,hashedpassword123,https://randomuser.me/api/portraits/men/8.jpg,Passionate about technology and software development.,male,9001549217,MSc Data Science,Machine Learning,True,student
meerashinde98,STU1098,Meera Shinde,meerashinde98@example.com,hashedpassword123,https://randomuser.me/api/portraits/women/9.jpg,Exploring backend architectures and APIs.,female,9117318739,MCA,Mobile Development,True,student
vikasshinde99,STU1099,Vikas Shinde,vikasshinde99@example.com,hashedpassword123,https://randomuser.me/api/portraits/men/10.jpg,Exploring backend architectures and APIs.,male,9492296242,BTech IT,Data Science,True,student
rashmichavan100,STU1100,Rashmi Chavan,rashmichavan100@example.com,hashedpassword123,https://randomuser.me/api/portraits/women/11.jpg,Interested in building scalable web applications.,female,9998550182,MSc Data Science,Machine Learning,True,student
anjalipawar101,STU1101,Anjali Pawar,anjalipawar101@example.com,hashedpassword123,https://randomuser.me/api/portraits/women/12.jpg,Focused on modern frontend frameworks.,female,9424005754,BTech IT,Cloud Computing,True,student
adityachavan102,STU1102,Aditya Chavan,adityachavan102@example.com,hashedpassword123,https://randomuser.me/api/portraits/men/13.jpg,Enjoys working on open source projects.,male,9411418202,BTech CSE,Machine Learning,True,student
kavyamore103,STU1103,Kavya More,kavyamore103@example.com,hashedpassword123,https://randomuser.me/api/portraits/women/14.jpg,Interested in building scalable web applications.,female,9123469513,BCA,DevOps,True,student
anjalijoshi104,STU1104,Anjali Joshi,anjalijoshi104@example.com,hashedpassword123,https://randomuser.me/api/portraits/women/15.jpg,Focused on modern frontend frameworks.,female,9925784780,BTech IT,Web Development,True,student
ankitkulkarni105,STU1105,Ankit Kulkarni,ankitkulkarni105@example.com,hashedpassword123,https://randomuser.me/api/portraits/men/16.jpg,Interested in building scalable web applications.,male,9021123584,BSc Computer Science,Cloud Computing,True,student
snehagupta106,STU1106,Sneha Gupta,snehagupta106@example.com,hashedpassword123,https://randomuser.me/api/portraits/women/17.jpg,Learning algorithms and system design.,female,9590239517,MCA,Cyber Security,True,student
pranavkulkarni107,STU1107,Pranav Kulkarni,pranavkulkarni107@example.com,hashedpassword123,https://randomuser.me/api/portraits/men/18.jpg,Interested in building scalable web applications.,male,9411970296,BSc Computer Science,Mobile Development,True,student
harshdeshmukh108,STU1108,Harsh Deshmukh,harshdeshmukh108@example.com,hashedpassword123,https://randomuser.me/api/portraits/men/19.jpg,Interested in building scalable web applications.,male,9932120240,MCA,Machine Learning,True,student
amityadav109,STU1109,Amit Yadav,amityadav109@example.com,hashedpassword123,https://randomuser.me/api/portraits/men/20.jpg,Learning algorithms and system design.,male,9015025039,BTech CSE,Web Development,True,student
anjalijadhav110,STU1110,Anjali Jadhav,anjalijadhav110@example.com,hashedpassword123,https://randomuser.me/api/portraits/women/21.jpg,Passionate about technology and software development.,female,9700670131,MSc Data Science,Cloud Computing,True,student
simransharma111,STU1111,Simran Sharma,simransharma111@example.com,hashedpassword123,https://randomuser.me/api/portraits/women/22.jpg,Focused on modern frontend frameworks.,female,9190271666,BCA,UI/UX,True,student
pallavipawar112,STU1112,Pallavi Pawar,pallavipawar112@example.com,hashedpassword123,https://randomuser.me/api/portraits/women/23.jpg,Interested in building scalable web applications.,female,9438667518,MCA,Mobile Development,True,student
aditideshmukh113,STU1113,Aditi Deshmukh,aditideshmukh113@example.com,hashedpassword123,https://randomuser.me/api/portraits/women/24.jpg,Interested in building scalable web applications.,female,9791085335,MSc Data Science,Web Development,True,student
meerasharma114,STU1114,Meera Sharma,meerasharma114@example.com,hashedpassword123,https://randomuser.me/api/portraits/women/25.jpg,Interested in building scalable web applications.,female,9177366749,BCA,Web Development,True,student
pallavisharma115,STU1115,Pallavi Sharma,pallavisharma115@example.com,hashedpassword123,https://randomuser.me/api/portraits/women/26.jpg,Learning algorithms and system design.,female,9438209821,BCA,Mobile Development,True,student
meerashinde116,STU1116,Meera Shinde,meerashinde116@example.com,hashedpassword123,https://randomuser.me/api/portraits/women/27.jpg,Interested in building scalable web applications.,female,9115560260,BSc Computer Science,Data Science,True,student
nehakumar117,STU1117,Neha Kumar,nehakumar117@example.com,hashedpassword123,https://randomuser.me/api/portraits/women/28.jpg,Enjoys working on open source projects.,female,9183905548,BCA,Cloud Computing,True,student
pranavverma118,STU1118,Pranav Verma,pranavverma118@example.com,hashedpassword123,https://randomuser.me/api/portraits/men/29.jpg,Exploring backend architectures and APIs.,male,9218241819,MSc Data Science,Cloud Computing,True,student
meeradeshmukh119,STU1119,Meera Deshmukh,meeradeshmukh119@example.com,hashedpassword123,https://randomuser.me/api/portraits/women/30.jpg,Learning algorithms and system design.,female,9366400270,BTech CSE,Cyber Security,True,student
poojajoshi120,STU1120,Pooja Joshi,poojajoshi120@example.com,hashedpassword123,https://randomuser.me/api/portraits/women/31.jpg,Exploring backend architectures and APIs.,female,9179688168,BSc Computer Science,Machine Learning,True,student
kavyashinde121,STU1121,Kavya Shinde,kavyashinde121@example.com,hashedpassword123,https://randomuser.me/api/portraits/women/32.jpg,Passionate about technology and software development.,female,9800985964,MSc Data Science,DevOps,True,student
aditichavan122,STU1122,Aditi Chavan,aditichavan122@example.com,hashedpassword123,https://randomuser.me/api/portraits/women/33.jpg,Passionate about technology and software development.,female,9571660802,MCA,Cloud Computing,True,student
riteshjoshi123,STU1123,Ritesh Joshi,riteshjoshi123@example.com,hashedpassword123,https://randomuser.me/api/portraits/men/34.jpg,Learning algorithms and system design.,male,9752307836,BTech IT,UI/UX,True,student
nishakulkarni124,STU1124,Nisha Kulkarni,nishakulkarni124@example.com,hashedpassword123,https://randomuser.me/api/portraits/women/35.jpg,Focused on modern frontend frameworks.,female,9610438383,BCA,Machine Learning,True,student
tanvigupta125,STU1125,Tanvi Gupta,tanvigupta125@example.com,hashedpassword123,https://randomuser.me/api/portraits/women/36.jpg,Interested in building scalable web applications.,female,9392681152,BTech CSE,UI/UX,True,student
varunsharma126,STU1126,Varun Sharma,varunsharma126@example.com,hashedpassword123,https://randomuser.me/api/portraits/men/37.jpg,Interested in building scalable web applications.,male,9036831830,BSc Computer Science,Data Science,True,student
kavyadeshmukh127,STU1127,Kavya Deshmukh,kavyadeshmukh127@example.com,hashedpassword123,https://randomuser.me/api/portraits/women/38.jpg,Focused on modern frontend frameworks.,female,9211958699,BTech IT,UI/UX,True,student
rahulmore128,STU1128,Rahul More,rahulmore128@example.com,hashedpassword123,https://randomuser.me/api/portraits/men/39.jpg,Focused on modern frontend frameworks.,male,9231928073,BCA,UI/UX,True,student
ishajadhav129,STU1129,Isha Jadhav,ishajadhav129@example.com,hashedpassword123,https://randomuser.me/api/portraits/women/40.jpg,Passionate about technology and software development.,female,9608782888,BTech CSE,Mobile Development,True,student
pranavverma130,STU1130,Pranav Verma,pranavverma130@example.com,hashedpassword123,https://randomuser.me/api/portraits/men/41.jpg,Passionate about technology and software development.,male,9941399981,BTech CSE,UI/UX,True,student
manishkulkarni131,STU1131,Manish Kulkarni,manishkulkarni131@example.com,hashedpassword123,https://randomuser.me/api/portraits/men/42.jpg,Exploring backend architectures and APIs.,male,9292983316,BCA,Web Development,True,student
simranchavan132,STU1132,Simran Chavan,simranchavan132@example.com,hashedpassword123,https://randomuser.me/api/portraits/women/43.jpg,Focused on modern frontend frameworks.,female,9640837967,BCA,Cloud Computing,True,student
akashkumar133,STU1133,Akash Kumar,akashkumar133@example.com,hashedpassword123,https://randomuser.me/api/portraits/men/44.jpg,Passionate about technology and software development.,male,9032933421,MSc Data Science,Machine Learning,True,student
riyakumar134,STU1134,Riya Kumar,riyakumar134@example.com,hashedpassword123,https://randomuser.me/api/portraits/women/45.jpg,Exploring backend architectures and APIs.,female,9878445922,BTech IT,DevOps,True,student
snehayadav135,STU1135,Sneha Yadav,snehayadav135@example.com,hashedpassword123,https://randomuser.me/api/portraits/women/46.jpg,Passionate about technology and software development.,female,9507846794,MCA,UI/UX,True,student
nikhilpatel136,STU1136,Nikhil Patel,nikhilpatel136@example.com,hashedpassword123,https://randomuser.me/api/portraits/men/47.jpg,Passionate about technology and software development.,male,9949529093,BTech IT,UI/UX,True,student
arjundeshmukh137,STU1137,Arjun Deshmukh,arjundeshmukh137@example.com,hashedpassword123,https://randomuser.me/api/portraits/men/48.jpg,Learning algorithms and system design.,male,9425370582,BTech IT,Cloud Computing,True,student
rahuljadhav138,STU1138,Rahul Jadhav,rahuljadhav138@example.com,hashedpassword123,https://randomuser.me/api/portraits/men/49.jpg,Learning algorithms and system design.,male,9726462089,MCA,Machine Learning,True,student
akashdeshmukh139,STU1139,Akash Deshmukh,akashdeshmukh139@example.com,hashedpassword123,https://randomuser.me/api/portraits/men/50.jpg,Learning algorithms and system design.,male,9959260771,BTech IT,Web Development,True,student
ankitgupta140,STU1140,Ankit Gupta,ankitgupta140@example.com,hashedpassword123,https://randomuser.me/api/portraits/men/51.jpg,Focused on modern frontend frameworks.,male,9494245211,BSc Computer Science,Cyber Security,True,student
sagarverma141,STU1141,Sagar Verma,sagarverma141@example.com,hashedpassword123,https://randomuser.me/api/portraits/men/52.jpg,Interested in building scalable web applications.,male,9980472012,BSc Computer Science,Cloud Computing,True,student
deepakpatil142,STU1142,Deepak Patil,deepakpatil142@example.com,hashedpassword123,https://randomuser.me/api/portraits/men/53.jpg,Enjoys working on open source projects.,male,9640029505,MSc Data Science,Data Science,True,student
riyapatil143,STU1143,Riya Patil,riyapatil143@example.com,hashedpassword123,https://randomuser.me/api/portraits/women/54.jpg,Learning algorithms and system design.,female,9871407136,BSc Computer Science,Data Science,True,student
nikhilchavan144,STU1144,Nikhil Chavan,nikhilchavan144@example.com,hashedpassword123,https://randomuser.me/api/portraits/men/55.jpg,Exploring backend architectures and APIs.,male,9127825906,BCA,Web Development,True,student
adityajadhav145,STU1145,Aditya Jadhav,adityajadhav145@example.com,hashedpassword123,https://randomuser.me/api/portraits/men/56.jpg,Enjoys working on open source projects.,male,9684407946,BSc Computer Science,Data Science,True,student
payalmore146,STU1146,Payal More,payalmore146@example.com,hashedpassword123,https://randomuser.me/api/portraits/women/57.jpg,Interested in building scalable web applications.,female,9740648548,BCA,Cyber Security,True,student
yashyadav147,STU1147,Yash Yadav,yashyadav147@example.com,hashedpassword123,https://randomuser.me/api/portraits/men/58.jpg,Enjoys working on open source projects.,male,9620324405,MCA,Machine Learning,True,student
akashyadav148,STU1148,Akash Yadav,akashyadav148@example.com,hashedpassword123,https://randomuser.me/api/portraits/men/59.jpg,Interested in building scalable web applications.,male,9711366999,BSc Computer Science,Machine Learning,True,student
kavyakulkarni149,STU1149,Kavya Kulkarni,kavyakulkarni149@example.com,hashedpassword123,https://randomuser.me/api/portraits/women/60.jpg,Learning algorithms and system design.,female,9501667104,BCA,Web Development,True,student
ankitgupta150,STU1150,Ankit Gupta,ankitgupta150@example.com,hashedpassword123,https://randomuser.me/api/portraits/men/61.jpg,Passionate about technology and software development.,male,9368618152,BSc Computer Science,DevOps,True,student
divyagupta151,STU1151,Divya Gupta,divyagupta151@example.com,hashedpassword123,https://randomuser.me/api/portraits/women/62.jpg,Exploring backend architectures and APIs.,female,9254146375,BTech IT,Machine Learning,True,student
riyajadhav152,STU1152,Riya Jadhav,riyajadhav152@example.com,hashedpassword123,https://randomuser.me/api/portraits/women/63.jpg,Enjoys working on open source projects.,female,9938777547,BCA,Cyber Security,True,student
harshyadav153,STU1153,Harsh Yadav,harshyadav153@example.com,hashedpassword123,https://randomuser.me/api/portraits/men/64.jpg,Passionate about technology and software development.,male,9655530159,MCA,Cyber Security,True,student
tanvijoshi154,STU1154,Tanvi Joshi,tanvijoshi154@example.com,hashedpassword123,https://randomuser.me/api/portraits/women/65.jpg,Exploring backend architectures and APIs.,female,9083778115,BTech CSE,Cyber Security,True,student
vikaskulkarni155,STU1155,Vikas Kulkarni,vikaskulkarni155@example.com,hashedpassword123,https://randomuser.me/api/portraits/men/66.jpg,Learning algorithms and system design.,male,9668039237,BTech IT,Machine Learning,True,student
tanvideshmukh156,STU1156,Tanvi Deshmukh,tanvideshmukh156@example.com,hashedpassword123,https://randomuser.me/api/portraits/women/67.jpg,Focused on modern frontend frameworks.,female,9546962885,BTech IT,Cloud Computing,True,student
arjunverma157,STU1157,Arjun Verma,arjunverma157@example.com,hashedpassword123,https://randomuser.me/api/portraits/men/68.jpg,Interested in building scalable web applications.,male,9397223223,BSc Computer Science,UI/UX,True,student
kavyachavan158,STU1158,Kavya Chavan,kavyachavan158@example.com,hashedpassword123,https://randomuser.me/api/portraits/women/69.jpg,Focused on modern frontend frameworks.,female,9950081916,BSc Computer Science,Cyber Security,True,student
adityakulkarni159,STU1159,Aditya Kulkarni,adityakulkarni159@example.com,hashedpassword123,https://randomuser.me/api/portraits/men/70.jpg,Learning algorithms and system design.,male,9147374459,MCA,Mobile Development,True,student
swatiyadav160,STU1160,Swati Yadav,swatiyadav160@example.com,hashedpassword123,https://randomuser.me/api/portraits/women/71.jpg,Passionate about technology and software development.,female,9866334504,MCA,Cyber Security,True,student
ankitkulkarni161,STU1161,Ankit Kulkarni,ankitkulkarni161@example.com,hashedpassword123,https://randomuser.me/api/portraits/men/72.jpg,Passionate about technology and software development.,male,9453758718,MSc Data Science,Mobile Development,True,student
varunpatel162,STU1162,Varun Patel,varunpatel162@example.com,hashedpassword123,https://randomuser.me/api/portraits/men/73.jpg,Interested in building scalable web applications.,male,9732206213,BSc Computer Science,Data Science,True,student
rahulpatel163,STU1163,Rahul Patel,rahulpatel163@example.com,hashedpassword123,https://randomuser.me/api/portraits/men/74.jpg,Interested in building scalable web applications.,male,9935261945,BTech CSE,UI/UX,True,student
karanyadav164,STU1164,Karan Yadav,karanyadav164@example.com,hashedpassword123,https://randomuser.me/api/portraits/men/75.jpg,Learning algorithms and system design.,male,9126947270,MSc Data Science,Mobile Development,True,student
siddharthyadav165,STU1165,Siddharth Yadav,siddharthyadav165@example.com,hashedpassword123,https://randomuser.me/api/portraits/men/76.jpg,Learning algorithms and system design.,male,9995035867,BCA,UI/UX,True,student
kunalmore166,STU1166,Kunal More,kunalmore166@example.com,hashedpassword123,https://randomuser.me/api/portraits/men/77.jpg,Exploring backend architectures and APIs.,male,9856531251,MSc Data Science,Data Science,True,student
arjunsharma167,STU1167,Arjun Sharma,arjunsharma167@example.com,hashedpassword123,https://randomuser.me/api/portraits/men/78.jpg,Focused on modern frontend frameworks.,male,9869219784,BTech IT,Machine Learning,True,student
poojagupta168,STU1168,Pooja Gupta,poojagupta168@example.com,hashedpassword123,https://randomuser.me/api/portraits/women/79.jpg,Enjoys working on open source projects.,female,9418307773,BSc Computer Science,Web Development,True,student
harshgupta169,STU1169,Harsh Gupta,harshgupta169@example.com,hashedpassword123,https://randomuser.me/api/portraits/men/80.jpg,Learning algorithms and system design.,male,9474928604,BTech CSE,Cyber Security,True,student
amitpatel170,STU1170,Amit Patel,amitpatel170@example.com,hashedpassword123,https://randomuser.me/api/portraits/men/81.jpg,Passionate about technology and software development.,male,9240689532,BTech IT,Data Science,True,student
pranavsharma171,STU1171,Pranav Sharma,pranavsharma171@example.com,hashedpassword123,https://randomuser.me/api/portraits/men/82.jpg,Focused on modern frontend frameworks.,male,9470401419,MCA,Web Development,True,student
arjunmore172,STU1172,Arjun More,arjunmore172@example.com,hashedpassword123,https://randomuser.me/api/portraits/men/83.jpg,Enjoys working on open source projects.,male,9521684501,MCA,Cyber Security,True,student
pallavijoshi173,STU1173,Pallavi Joshi,pallavijoshi173@example.com,hashedpassword123,https://randomuser.me/api/portraits/women/84.jpg,Passionate about technology and software development.,female,9466563363,BTech IT,Machine Learning,True,student
harshpawar174,STU1174,Harsh Pawar,harshpawar174@example.com,hashedpassword123,https://randomuser.me/api/portraits/men/85.jpg,Learning algorithms and system design.,male,9379508466,MSc Data Science,Cloud Computing,True,student
kavyapatil175,STU1175,Kavya Patil,kavyapatil175@example.com,hashedpassword123,https://randomuser.me/api/portraits/women/86.jpg,Exploring backend architectures and APIs.,female,9696604767,BTech IT,Cloud Computing,True,student
divyajadhav176,STU1176,Divya Jadhav,divyajadhav176@example.com,hashedpassword123,https://randomuser.me/api/portraits/women/87.jpg,Learning algorithms and system design.,female,9369219864,MCA,Machine Learning,True,student
pranavpatil177,STU1177,Pranav Patil,pranavpatil177@example.com,hashedpassword123,https://randomuser.me/api/portraits/men/88.jpg,Learning algorithms and system design.,male,9138387426,BSc Computer Science,DevOps,True,student
rashmimore178,STU1178,Rashmi More,rashmimore178@example.com,hashedpassword123,https://randomuser.me/api/portraits/women/89.jpg,Learning algorithms and system design.,female,9813497257,MCA,DevOps,True,student
amitsharma179,STU1179,Amit Sharma,amitsharma179@example.com,hashedpassword123,https://randomuser.me/api/portraits/men/90.jpg,Exploring backend architectures and APIs.,male,9761314742,BTech IT,Mobile Development,True,student
karansharma180,STU1180,Karan Sharma,karansharma180@example.com,hashedpassword123,https://randomuser.me/api/portraits/men/1.jpg,Passionate about technology and software development.,male,9534699704,BCA,DevOps,True,student
adityasharma181,STU1181,Aditya Sharma,adityasharma181@example.com,hashedpassword123,https://randomuser.me/api/portraits/men/2.jpg,Focused on modern frontend frameworks.,male,9466892297,MCA,Cyber Security,True,student
rahulmore182,STU1182,Rahul More,rahulmore182@example.com,hashedpassword123,https://randomuser.me/api/portraits/men/3.jpg,Interested in building scalable web applications.,male,9702121621,BCA,Cyber Security,True,student
vikasverma183,STU1183,Vikas Verma,vikasverma183@example.com,hashedpassword123,https://randomuser.me/api/portraits/men/4.jpg,Learning algorithms and system design.,male,9798259910,MCA,DevOps,True,student
pallavichavan184,STU1184,Pallavi Chavan,pallavichavan184@example.com,hashedpassword123,https://randomuser.me/api/portraits/women/5.jpg,Focused on modern frontend frameworks.,female,9910874189,BTech CSE,Cyber Security,True,student
adityagupta185,STU1185,Aditya Gupta,adityagupta185@example.com,hashedpassword123,https://randomuser.me/api/portraits/men/6.jpg,Interested in building scalable web applications.,male,9538322531,MSc Data Science,DevOps,True,student
swatipawar186,STU1186,Swati Pawar,swatipawar186@example.com,hashedpassword123,https://randomuser.me/api/portraits/women/7.jpg,Exploring backend architectures and APIs.,female,9268614083,MCA,DevOps,True,student
siddharthjoshi187,STU1187,Siddharth Joshi,siddharthjoshi187@example.com,hashedpassword123,https://randomuser.me/api/portraits/men/8.jpg,Interested in building scalable web applications.,male,9021463448,BSc Computer Science,Web Development,True,student
komalverma188,STU1188,Komal Verma,komalverma188@example.com,hashedpassword123,https://randomuser.me/api/portraits/women/9.jpg,Focused on modern frontend frameworks.,female,9051899301,BCA,Cloud Computing,True,student
siddharthdeshmukh189,STU1189,Siddharth Deshmukh,siddharthdeshmukh189@example.com,hashedpassword123,https://randomuser.me/api/portraits/men/10.jpg,Interested in building scalable web applications.,male,9954071887,MSc Data Science,Web Development,True,student
riyajadhav190,STU1190,Riya Jadhav,riyajadhav190@example.com,hashedpassword123,https://randomuser.me/api/portraits/women/11.jpg,Enjoys working on open source projects.,female,9716361913,BTech CSE,Data Science,True,student
varunshinde191,STU1191,Varun Shinde,varunshinde191@example.com,hashedpassword123,https://randomuser.me/api/portraits/men/12.jpg,Learning algorithms and system design.,male,9286595469,BCA,Data Science,True,student
riyachavan192,STU1192,Riya Chavan,riyachavan192@example.com,hashedpassword123,https://randomuser.me/api/portraits/women/13.jpg,Focused on modern frontend frameworks.,female,9587517747,BSc Computer Science,Machine Learning,True,student
nikhilpatel193,STU1193,Nikhil Patel,nikhilpatel193@example.com,hashedpassword123,https://randomuser.me/api/portraits/men/14.jpg,Focused on modern frontend frameworks.,male,9449379484,BCA,DevOps,True,student
ankitverma194,STU1194,Ankit Verma,ankitverma194@example.com,hashedpassword123,https://randomuser.me/api/portraits/men/15.jpg,Learning algorithms and system design.,male,9510700422,BTech IT,UI/UX,True,student
harshkulkarni195,STU1195,Harsh Kulkarni,harshkulkarni195@example.com,hashedpassword123,https://randomuser.me/api/portraits/men/16.jpg,Passionate about technology and software development.,male,9169017072,MSc Data Science,Cloud Computing,True,student
swatikumar196,STU1196,Swati Kumar,swatikumar196@example.com,hashedpassword123,https://randomuser.me/api/portraits/women/17.jpg,Interested in building scalable web applications.,female,9369295034,MCA,Mobile Development,True,student
divyamore197,STU1197,Divya More,divyamore197@example.com,hashedpassword123,https://randomuser.me/api/portraits/women/18.jpg,Enjoys working on open source projects.,female,9500955092,BTech IT,Data Science,True,student
riyapatel198,STU1198,Riya Patel,riyapatel198@example.com,hashedpassword123,https://randomuser.me/api/portraits/women/19.jpg,Learning algorithms and system design.,female,9628695796,MCA,Cloud Computing,True,student
swatiyadav199,STU1199,Swati Yadav,swatiyadav199@example.com,hashedpassword123,https://randomuser.me/api/portraits/women/20.jpg,Interested in building scalable web applications.,female,9242125414,MSc Data Science,Machine Learning,True,student
payalchavan200,STU1200,Payal Chavan,payalchavan200@example.com,hashedpassword123,https://randomuser.me/api/portraits/women/21.jpg,Learning algorithms and system design.,female,9105263587,BTech CSE,Data Science,True,student
yashjadhav201,STU1201,Yash Jadhav,yashjadhav201@example.com,hashedpassword123,https://randomuser.me/api/portraits/men/22.jpg,Passionate about technology and software development.,male,9465618372,BSc Computer Science,Web Development,True,student
yashverma202,STU1202,Yash Verma,yashverma202@example.com,hashedpassword123,https://randomuser.me/api/portraits/men/23.jpg,Focused on modern frontend frameworks.,male,9094999063,BSc Computer Science,Machine Learning,True,student
amitmore203,STU1203,Amit More,amitmore203@example.com,hashedpassword123,https://randomuser.me/api/portraits/men/24.jpg,Focused on modern frontend frameworks.,male,9111699061,BCA,Cloud Computing,True,student
pallavigupta204,STU1204,Pallavi Gupta,pallavigupta204@example.com,hashedpassword123,https://randomuser.me/api/portraits/women/25.jpg,Learning algorithms and system design.,female,9039918706,BCA,Mobile Development,True,student
tanvikulkarni205,STU1205,Tanvi Kulkarni,tanvikulkarni205@example.com,hashedpassword123,https://randomuser.me/api/portraits/women/26.jpg,Interested in building scalable web applications.,female,9243927261,MSc Data Science,Mobile Development,True,student
anjalikumar206,STU1206,Anjali Kumar,anjalikumar206@example.com,hashedpassword123,https://randomuser.me/api/portraits/women/27.jpg,Learning algorithms and system design.,female,9052792909,BSc Computer Science,Cyber Security,True,student
manishkumar207,STU1207,Manish Kumar,manishkumar207@example.com,hashedpassword123,https://randomuser.me/api/portraits/men/28.jpg,Learning algorithms and system design.,male,9797994479,MCA,Cyber Security,True,student
anjalipatil208,STU1208,Anjali Patil,anjalipatil208@example.com,hashedpassword123,https://randomuser.me/api/portraits/women/29.jpg,Learning algorithms and system design.,female,9221346476,MCA,Cyber Security,True,student
arjunmore209,STU1209,Arjun More,arjunmore209@example.com,hashedpassword123,https://randomuser.me/api/portraits/men/30.jpg,Interested in building scalable web applications.,male,9286057765,BCA,UI/UX,True,student
anjaliverma210,STU1210,Anjali Verma,anjaliverma210@example.com,hashedpassword123,https://randomuser.me/api/portraits/women/31.jpg,Enjoys working on open source projects.,female,9442819490,BTech IT,Machine Learning,True,student
sagarkumar211,STU1211,Sagar Kumar,sagarkumar211@example.com,hashedpassword123,https://randomuser.me/api/portraits/men/32.jpg,Passionate about technology and software development.,male,9422344872,BTech CSE,Cloud Computing,True,student
akashgupta212,STU1212,Akash Gupta,akashgupta212@example.com,hashedpassword123,https://randomuser.me/api/portraits/men/33.jpg,Focused on modern frontend frameworks.,male,9991353968,BTech CSE,Cloud Computing,True,student
nikhilyadav213,STU1213,Nikhil Yadav,nikhilyadav213@example.com,hashedpassword123,https://randomuser.me/api/portraits/men/34.jpg,Passionate about technology and software development.,male,9561417544,BSc Computer Science,DevOps,True,student
nehasharma214,STU1214,Neha Sharma,nehasharma214@example.com,hashedpassword123,https://randomuser.me/api/portraits/women/35.jpg,Learning algorithms and system design.,female,9879153024,BTech CSE,Cloud Computing,True,student
anjalipatel215,STU1215,Anjali Patel,anjalipatel215@example.com,hashedpassword123,https://randomuser.me/api/portraits/women/36.jpg,Interested in building scalable web applications.,female,9600918865,MCA,Cyber Security,True,student
riteshjadhav216,STU1216,Ritesh Jadhav,riteshjadhav216@example.com,hashedpassword123,https://randomuser.me/api/portraits/men/37.jpg,Learning algorithms and system design.,male,9784367864,MSc Data Science,Mobile Development,True,student
kunalshinde217,STU1217,Kunal Shinde,kunalshinde217@example.com,hashedpassword123,https://randomuser.me/api/portraits/men/38.jpg,Learning algorithms and system design.,male,9863107519,BCA,Machine Learning,True,student
kunalkumar218,STU1218,Kunal Kumar,kunalkumar218@example.com,hashedpassword123,https://randomuser.me/api/portraits/men/39.jpg,Interested in building scalable web applications.,male,9995110476,BTech CSE,Web Development,True,student
divyapatil219,STU1219,Divya Patil,divyapatil219@example.com,hashedpassword123,https://randomuser.me/api/portraits/women/40.jpg,Enjoys working on open source projects.,female,9648676915,MSc Data Science,Cloud Computing,True,student
pallaviverma220,STU1220,Pallavi Verma,pallaviverma220@example.com,hashedpassword123,https://randomuser.me/api/portraits/women/41.jpg,Exploring backend architectures and APIs.,female,9394464154,MSc Data Science,Machine Learning,True,student
kavyapatil221,STU1221,Kavya Patil,kavyapatil221@example.com,hashedpassword123,https://randomuser.me/api/portraits/women/42.jpg,Learning algorithms and system design.,female,9559458571,MCA,UI/UX,True,student
manishdeshmukh222,STU1222,Manish Deshmukh,manishdeshmukh222@example.com,hashedpassword123,https://randomuser.me/api/portraits/men/43.jpg,Enjoys working on open source projects.,male,9370605786,MSc Data Science,DevOps,True,student
harshmore223,STU1223,Harsh More,harshmore223@example.com,hashedpassword123,https://randomuser.me/api/portraits/men/44.jpg,Enjoys working on open source projects.,male,9901695914,BTech IT,Mobile Development,True,student
yashdeshmukh224,STU1224,Yash Deshmukh,yashdeshmukh224@example.com,hashedpassword123,https://randomuser.me/api/portraits/men/45.jpg,Interested in building scalable web applications.,male,9602037026,BTech CSE,Cloud Computing,True,student
manishdeshmukh225,STU1225,Manish Deshmukh,manishdeshmukh225@example.com,hashedpassword123,https://randomuser.me/api/portraits/men/46.jpg,Passionate about technology and software development.,male,9293199104,BCA,DevOps,True,student
rashmimore226,STU1226,Rashmi More,rashmimore226@example.com,hashedpassword123,https://randomuser.me/api/portraits/women/47.jpg,Learning algorithms and system design.,female,9248825038,BCA,UI/UX,True,student
snehashinde227,STU1227,Sneha Shinde,snehashinde227@example.com,hashedpassword123,https://randomuser.me/api/portraits/women/48.jpg,Focused on modern frontend frameworks.,female,9641084808,MCA,Data Science,True,student
karangupta228,STU1228,Karan Gupta,karangupta228@example.com,hashedpassword123,https://randomuser.me/api/portraits/men/49.jpg,Focused on modern frontend frameworks.,male,9244607534,BCA,Mobile Development,True,student
karanpatil229,STU1229,Karan Patil,karanpatil229@example.com,hashedpassword123,https://randomuser.me/api/portraits/men/50.jpg,Learning algorithms and system design.,male,9593217533,BTech IT,Cyber Security,True,student
pallavijoshi230,STU1230,Pallavi Joshi,pallavijoshi230@example.com,hashedpassword123,https://randomuser.me/api/portraits/women/51.jpg,Exploring backend architectures and APIs.,female,9746234494,MSc Data Science,Mobile Development,True,student
akashkulkarni231,STU1231,Akash Kulkarni,akashkulkarni231@example.com,hashedpassword123,https://randomuser.me/api/portraits/men/52.jpg,Interested in building scalable web applications.,male,9342838668,BSc Computer Science,Data Science,True,student
kunalshinde232,STU1232,Kunal Shinde,kunalshinde232@example.com,hashedpassword123,https://randomuser.me/api/portraits/men/53.jpg,Enjoys working on open source projects.,male,9608988620,BSc Computer Science,UI/UX,True,student
kavyadeshmukh233,STU1233,Kavya Deshmukh,kavyadeshmukh233@example.com,hashedpassword123,https://randomuser.me/api/portraits/women/54.jpg,Enjoys working on open source projects.,female,9362509219,BTech CSE,Web Development,True,student
akashjadhav234,STU1234,Akash Jadhav,akashjadhav234@example.com,hashedpassword123,https://randomuser.me/api/portraits/men/55.jpg,Interested in building scalable web applications.,male,9727409294,BTech CSE,Cloud Computing,True,student
arjunverma235,STU1235,Arjun Verma,arjunverma235@example.com,hashedpassword123,https://randomuser.me/api/portraits/men/56.jpg,Passionate about technology and software development.,male,9124415598,BSc Computer Science,Cloud Computing,True,student
priyashinde236,STU1236,Priya Shinde,priyashinde236@example.com,hashedpassword123,https://randomuser.me/api/portraits/women/57.jpg,Enjoys working on open source projects.,female,9941703144,BTech IT,Data Science,True,student
vikaspawar237,STU1237,Vikas Pawar,vikaspawar237@example.com,hashedpassword123,https://randomuser.me/api/portraits/men/58.jpg,Enjoys working on open source projects.,male,9463321267,BCA,Web Development,True,student
karanmore238,STU1238,Karan More,karanmore238@example.com,hashedpassword123,https://randomuser.me/api/portraits/men/59.jpg,Enjoys working on open source projects.,male,9125391195,BTech CSE,Data Science,True,student
shrutikulkarni239,STU1239,Shruti Kulkarni,shrutikulkarni239@example.com,hashedpassword123,https://randomuser.me/api/portraits/women/60.jpg,Learning algorithms and system design.,female,9970539920,BTech CSE,Web Development,True,student
manishshinde240,STU1240,Manish Shinde,manishshinde240@example.com,hashedpassword123,https://randomuser.me/api/portraits/men/61.jpg,Learning algorithms and system design.,male,9201115189,BSc Computer Science,Mobile Development,True,student
swativerma241,STU1241,Swati Verma,swativerma241@example.com,hashedpassword123,https://randomuser.me/api/portraits/women/62.jpg,Enjoys working on open source projects.,female,9738132346,BSc Computer Science,Data Science,True,student
shrutikulkarni242,STU1242,Shruti Kulkarni,shrutikulkarni242@example.com,hashedpassword123,https://randomuser.me/api/portraits/women/63.jpg,Focused on modern frontend frameworks.,female,9130085549,BSc Computer Science,Data Science,True,student
adityayadav243,STU1243,Aditya Yadav,adityayadav243@example.com,hashedpassword123,https://randomuser.me/api/portraits/men/64.jpg,Exploring backend architectures and APIs.,male,9691231953,MSc Data Science,Data Science,True,student
pranavsharma244,STU1244,Pranav Sharma,pranavsharma244@example.com,hashedpassword123,https://randomuser.me/api/portraits/men/65.jpg,Focused on modern frontend frameworks.,male,9282201278,BTech CSE,DevOps,True,student
rahulchavan245,STU1245,Rahul Chavan,rahulchavan245@example.com,hashedpassword123,https://randomuser.me/api/portraits/men/66.jpg,Learning algorithms and system design.,male,9390270133,MCA,DevOps,True,student
rashmimore246,STU1246,Rashmi More,rashmimore246@example.com,hashedpassword123,https://randomuser.me/api/portraits/women/67.jpg,Passionate about technology and software development.,female,9205293642,BSc Computer Science,Cyber Security,True,student
rashmichavan247,STU1247,Rashmi Chavan,rashmichavan247@example.com,hashedpassword123,https://randomuser.me/api/portraits/women/68.jpg,Focused on modern frontend frameworks.,female,9951730385,MCA,Cyber Security,True,student
ankitgupta248,STU1248,Ankit Gupta,ankitgupta248@example.com,hashedpassword123,https://randomuser.me/api/portraits/men/69.jpg,Interested in building scalable web applications.,male,9369226926,BCA,Data Science,True,student
poojadeshmukh249,STU1249,Pooja Deshmukh,poojadeshmukh249@example.com,hashedpassword123,https://randomuser.me/api/portraits/women/70.jpg,Interested in building scalable web applications.,female,9596984411,BSc Computer Science,Machine Learning,True,student
nehasharma250,STU1250,Neha Sharma,nehasharma250@example.com,hashedpassword123,https://randomuser.me/api/portraits/women/71.jpg,Passionate about technology and software development.,female,9276820154,BTech CSE,DevOps,True,student
pallavijadhav251,STU1251,Pallavi Jadhav,pallavijadhav251@example.com,hashedpassword123,https://randomuser.me/api/portraits/women/72.jpg,Passionate about technology and software development.,female,9366337423,BTech IT,DevOps,True,student
kavyakumar252,STU1252,Kavya Kumar,kavyakumar252@example.com,hashedpassword123,https://randomuser.me/api/portraits/women/73.jpg,Focused on modern frontend frameworks.,female,9659900767,BTech IT,Cyber Security,True,student
aditipatil253,STU1253,Aditi Patil,aditipatil253@example.com,hashedpassword123,https://randomuser.me/api/portraits/women/74.jpg,Passionate about technology and software development.,female,9511654087,MCA,Data Science,True,student
meeragupta254,STU1254,Meera Gupta,meeragupta254@example.com,hashedpassword123,https://randomuser.me/api/portraits/women/75.jpg,Interested in building scalable web applications.,female,9150472854,BTech CSE,Web Development,True,student
rashmichavan255,STU1255,Rashmi Chavan,rashmichavan255@example.com,hashedpassword123,https://randomuser.me/api/portraits/women/76.jpg,Enjoys working on open source projects.,female,9158369671,MSc Data Science,UI/UX,True,student
sagarpatil256,STU1256,Sagar Patil,sagarpatil256@example.com,hashedpassword123,https://randomuser.me/api/portraits/men/77.jpg,Exploring backend architectures and APIs.,male,9252177971,BTech CSE,Data Science,True,student
amitkumar257,STU1257,Amit Kumar,amitkumar257@example.com,hashedpassword123,https://randomuser.me/api/portraits/men/78.jpg,Passionate about technology and software development.,male,9129382066,BTech IT,DevOps,True,student
poojajoshi258,STU1258,Pooja Joshi,poojajoshi258@example.com,hashedpassword123,https://randomuser.me/api/portraits/women/79.jpg,Interested in building scalable web applications.,female,9045241077,BCA,UI/UX,True,student
arjunjoshi259,STU1259,Arjun Joshi,arjunjoshi259@example.com,hashedpassword123,https://randomuser.me/api/portraits/men/80.jpg,Focused on modern frontend frameworks.,male,9279356766,BTech IT,UI/UX,True,student
pranavsharma260,STU1260,Pranav Sharma,pranavsharma260@example.com,hashedpassword123,https://randomuser.me/api/portraits/men/81.jpg,Focused on modern frontend frameworks.,male,9416610302,BSc Computer Science,Mobile Development,True,student
arjunkulkarni261,STU1261,Arjun Kulkarni,arjunkulkarni261@example.com,hashedpassword123,https://randomuser.me/api/portraits/men/82.jpg,Focused on modern frontend frameworks.,male,9512028540,BTech CSE,Data Science,True,student
poojapatel262,STU1262,Pooja Patel,poojapatel262@example.com,hashedpassword123,https://randomuser.me/api/portraits/women/83.jpg,Enjoys working on open source projects.,female,9051805376,MSc Data Science,Data Science,True,student
komalsharma263,STU1263,Komal Sharma,komalsharma263@example.com,hashedpassword123,https://randomuser.me/api/portraits/women/84.jpg,Interested in building scalable web applications.,female,9340957938,BCA,Mobile Development,True,student
ankitpatel264,STU1264,Ankit Patel,ankitpatel264@example.com,hashedpassword123,https://randomuser.me/api/portraits/men/85.jpg,Learning algorithms and system design.,male,9103542072,MCA,Cyber Security,True,student
shrutikumar265,STU1265,Shruti Kumar,shrutikumar265@example.com,hashedpassword123,https://randomuser.me/api/portraits/women/86.jpg,Learning algorithms and system design.,female,9731587338,BTech IT,Cyber Security,True,student
swatijadhav266,STU1266,Swati Jadhav,swatijadhav266@example.com,hashedpassword123,https://randomuser.me/api/portraits/women/87.jpg,Interested in building scalable web applications.,female,9614281565,BTech IT,UI/UX,True,student
nehasharma267,STU1267,Neha Sharma,nehasharma267@example.com,hashedpassword123,https://randomuser.me/api/portraits/women/88.jpg,Exploring backend architectures and APIs.,female,9227021488,BCA,Machine Learning,True,student
manishyadav268,STU1268,Manish Yadav,manishyadav268@example.com,hashedpassword123,https://randomuser.me/api/portraits/men/89.jpg,Passionate about technology and software development.,male,9127240551,BTech IT,DevOps,True,student
rashmimore269,STU1269,Rashmi More,rashmimore269@example.com,hashedpassword123,https://randomuser.me/api/portraits/women/90.jpg,Passionate about technology and software development.,female,9688191507,BTech CSE,Machine Learning,True,student
komalmore270,STU1270,Komal More,komalmore270@example.com,hashedpassword123,https://randomuser.me/api/portraits/women/1.jpg,Focused on modern frontend frameworks.,female,9938645564,BTech CSE,UI/UX,True,student
pallaviverma271,STU1271,Pallavi Verma,pallaviverma271@example.com,hashedpassword123,https://randomuser.me/api/portraits/women/2.jpg,Learning algorithms and system design.,female,9474433738,BSc Computer Science,Machine Learning,True,student
manishpatil272,STU1272,Manish Patil,manishpatil272@example.com,hashedpassword123,https://randomuser.me/api/portraits/men/3.jpg,Enjoys working on open source projects.,male,9226360397,MCA,Mobile Development,True,student
yashpatel273,STU1273,Yash Patel,yashpatel273@example.com,hashedpassword123,https://randomuser.me/api/portraits/men/4.jpg,Interested in building scalable web applications.,male,9325182652,BSc Computer Science,DevOps,True,student
poojakulkarni274,STU1274,Pooja Kulkarni,poojakulkarni274@example.com,hashedpassword123,https://randomuser.me/api/portraits/women/5.jpg,Exploring backend architectures and APIs.,female,9262195374,BTech IT,UI/UX,True,student
meeraverma275,STU1275,Meera Verma,meeraverma275@example.com,hashedpassword123,https://randomuser.me/api/portraits/women/6.jpg,Enjoys working on open source projects.,female,9131589229,MSc Data Science,Mobile Development,True,student
meerachavan276,STU1276,Meera Chavan,meerachavan276@example.com,hashedpassword123,https://randomuser.me/api/portraits/women/7.jpg,Focused on modern frontend frameworks.,female,9377932397,BTech IT,Cyber Security,True,student
varundeshmukh277,STU1277,Varun Deshmukh,varundeshmukh277@example.com,hashedpassword123,https://randomuser.me/api/portraits/men/8.jpg,Learning algorithms and system design.,male,9293552351,MCA,DevOps,True,student
swatideshmukh278,STU1278,Swati Deshmukh,swatideshmukh278@example.com,hashedpassword123,https://randomuser.me/api/portraits/women/9.jpg,Passionate about technology and software development.,female,9147129987,BTech IT,Machine Learning,True,student
aditiyadav279,STU1279,Aditi Yadav,aditiyadav279@example.com,hashedpassword123,https://randomuser.me/api/portraits/women/10.jpg,Interested in building scalable web applications.,female,9350743294,MSc Data Science,UI/UX,True,student
simrankulkarni280,STU1280,Simran Kulkarni,simrankulkarni280@example.com,hashedpassword123,https://randomuser.me/api/portraits/women/11.jpg,Exploring backend architectures and APIs.,female,9955121099,BCA,DevOps,True,student
siddharthgupta281,STU1281,Siddharth Gupta,siddharthgupta281@example.com,hashedpassword123,https://randomuser.me/api/portraits/men/12.jpg,Focused on modern frontend frameworks.,male,9658855705,BTech IT,UI/UX,True,student
meerakulkarni282,STU1282,Meera Kulkarni,meerakulkarni282@example.com,hashedpassword123,https://randomuser.me/api/portraits/women/13.jpg,Focused on modern frontend frameworks.,female,9331455444,BTech IT,Mobile Development,True,student
arjunmore283,STU1283,Arjun More,arjunmore283@example.com,hashedpassword123,https://randomuser.me/api/portraits/men/14.jpg,Enjoys working on open source projects.,male,9440240352,MCA,Cyber Security,True,student
ankitshinde284,STU1284,Ankit Shinde,ankitshinde284@example.com,hashedpassword123,https://randomuser.me/api/portraits/men/15.jpg,Passionate about technology and software development.,male,9444759802,MSc Data Science,Data Science,True,student
pallavishinde285,STU1285,Pallavi Shinde,pallavishinde285@example.com,hashedpassword123,https://randomuser.me/api/portraits/women/16.jpg,Learning algorithms and system design.,female,9795749633,MCA,DevOps,True,student
nikhilshinde286,STU1286,Nikhil Shinde,nikhilshinde286@example.com,hashedpassword123,https://randomuser.me/api/portraits/men/17.jpg,Exploring backend architectures and APIs.,male,9596731463,MSc Data Science,Cyber Security,True,student
nikhiljadhav287,STU1287,Nikhil Jadhav,nikhiljadhav287@example.com,hashedpassword123,https://randomuser.me/api/portraits/men/18.jpg,Focused on modern frontend frameworks.,male,9326615148,MCA,Data Science,True,student
kavyakumar288,STU1288,Kavya Kumar,kavyakumar288@example.com,hashedpassword123,https://randomuser.me/api/portraits/women/19.jpg,Passionate about technology and software development.,female,9721516193,MCA,UI/UX,True,student
karanpatel289,STU1289,Karan Patel,karanpatel289@example.com,hashedpassword123,https://randomuser.me/api/portraits/men/20.jpg,Focused on modern frontend frameworks.,male,9329472129,BSc Computer Science,Web Development,True,student
harshdeshmukh290,STU1290,Harsh Deshmukh,harshdeshmukh290@example.com,hashedpassword123,https://randomuser.me/api/portraits/men/21.jpg,Passionate about technology and software development.,male,9273618532,BSc Computer Science,Cyber Security,True,student
yashjadhav291,STU1291,Yash Jadhav,yashjadhav291@example.com,hashedpassword123,https://randomuser.me/api/portraits/men/22.jpg,Passionate about technology and software development.,male,9206659585,MCA,UI/UX,True,student
divyapatil292,STU1292,Divya Patil,divyapatil292@example.com,hashedpassword123,https://randomuser.me/api/portraits/women/23.jpg,Exploring backend architectures and APIs.,female,9070244564,BCA,Web Development,True,student
swatigupta293,STU1293,Swati Gupta,swatigupta293@example.com,hashedpassword123,https://randomuser.me/api/portraits/women/24.jpg,Focused on modern frontend frameworks.,female,9223089522,BTech IT,UI/UX,True,student
rashmiyadav294,STU1294,Rashmi Yadav,rashmiyadav294@example.com,hashedpassword123,https://randomuser.me/api/portraits/women/25.jpg,Passionate about technology and software development.,female,9626365897,BSc Computer Science,Web Development,True,student
aditigupta295,STU1295,Aditi Gupta,aditigupta295@example.com,hashedpassword123,https://randomuser.me/api/portraits/women/26.jpg,Exploring backend architectures and APIs.,female,9660031704,BTech IT,Cloud Computing,True,student
vikasgupta296,STU1296,Vikas Gupta,vikasgupta296@example.com,hashedpassword123,https://randomuser.me/api/portraits/men/27.jpg,Enjoys working on open source projects.,male,9056460792,BTech IT,Data Science,True,student
siddharthpatel297,STU1297,Siddharth Patel,siddharthpatel297@example.com,hashedpassword123,https://randomuser.me/api/portraits/men/28.jpg,Passionate about technology and software development.,male,9510673820,BTech CSE,Cloud Computing,True,student
riyakulkarni298,STU1298,Riya Kulkarni,riyakulkarni298@example.com,hashedpassword123,https://randomuser.me/api/portraits/women/29.jpg,Enjoys working on open source projects.,female,9235195921,BTech CSE,Web Development,True,student
meerachavan299,STU1299,Meera Chavan,meerachavan299@example.com,hashedpassword123,https://randomuser.me/api/portraits/women/30.jpg,Enjoys working on open source projects.,female,9145855705,BTech CSE,Machine Learning,True,student
teacher_adityapatil0,,Aditya Patil,teacher_adityapatil0@example.com,hashedpassword123,https://randomuser.me/api/portraits/men/31.jpg,Experienced educator in computer science and software engineering.,male,9443021123,Faculty,Mobile Development,True,teacher
teacher_nikhilmore1,,Nikhil More,teacher_nikhilmore1@example.com,hashedpassword123,https://randomuser.me/api/portraits/men/32.jpg,Experienced educator in computer science and software engineering.,male,9682892704,Faculty,DevOps,True,teacher
teacher_divyakumar2,,Divya Kumar,teacher_divyakumar2@example.com,hashedpassword123,https://randomuser.me/api/portraits/women/33.jpg,Experienced educator in computer science and software engineering.,female,9076192754,Faculty,Machine Learning,True,teacher
teacher_anjalideshmukh3,,Anjali Deshmukh,teacher_anjalideshmukh3@example.com,hashedpassword123,https://randomuser.me/api/portraits/women/34.jpg,Experienced educator in computer science and software engineering.,female,9618045778,Faculty,Cloud Computing,True,teacher
teacher_nishapatil4,,Nisha Patil,teacher_nishapatil4@example.com,hashedpassword123,https://randomuser.me/api/portraits/women/35.jpg,Experienced educator in computer science and software engineering.,female,9592192716,Faculty,UI/UX,True,teacher
teacher_poojashinde5,,Pooja Shinde,teacher_poojashinde5@example.com,hashedpassword123,https://randomuser.me/api/portraits/women/36.jpg,Experienced educator in computer science and software engineering.,female,9832552403,Faculty,Web Development,True,teacher
teacher_pranavchavan6,,Pranav Chavan,teacher_pranavchavan6@example.com,hashedpassword123,https://randomuser.me/api/portraits/men/37.jpg,Experienced educator in computer science and software engineering.,male,9678749845,Faculty,Cyber Security,True,teacher
teacher_tanvijoshi7,,Tanvi Joshi,teacher_tanvijoshi7@example.com,hashedpassword123,https://randomuser.me/api/portraits/women/38.jpg,Experienced educator in computer science and software engineering.,female,9215892739,Faculty,Data Science,True,teacher
teacher_snehasharma8,,Sneha Sharma,teacher_snehasharma8@example.com,hashedpassword123,https://randomuser.me/api/portraits/women/39.jpg,Experienced educator in computer science and software engineering.,female,9572752125,Faculty,Machine Learning,True,teacher
teacher_rahulverma9,,Rahul Verma,teacher_rahulverma9@example.com,hashedpassword123,https://randomuser.me/api/portraits/men/40.jpg,Experienced educator in computer science and software engineering.,male,9524081301,Faculty,UI/UX,True,teacher
teacher_shrutijadhav10,,Shruti Jadhav,teacher_shrutijadhav10@example.com,hashedpassword123,https://randomuser.me/api/portraits/women/41.jpg,Experienced educator in computer science and software engineering.,female,9245730896,Faculty,Web Development,True,teacher
teacher_aditipatil11,,Aditi Patil,teacher_aditipatil11@example.com,hashedpassword123,https://randomuser.me/api/portraits/women/42.jpg,Experienced educator in computer science and software engineering.,female,9403144895,Faculty,Cloud Computing,True,teacher
teacher_rashmigupta12,,Rashmi Gupta,teacher_rashmigupta12@example.com,hashedpassword123,https://randomuser.me/api/portraits/women/43.jpg,Experienced educator in computer science and software engineering.,female,9476055570,Faculty,Web Development,True,teacher
teacher_pranavjadhav13,,Pranav Jadhav,teacher_pranavjadhav13@example.com,hashedpassword123,https://randomuser.me/api/portraits/men/44.jpg,Experienced educator in computer science and software engineering.,male,9044105428,Faculty,Data Science,True,teacher
teacher_pallavigupta14,,Pallavi Gupta,teacher_pallavigupta14@example.com,hashedpassword123,https://randomuser.me/api/portraits/women/45.jpg,Experienced educator in computer science and software engineering.,female,9741147874,Faculty,Machine Learning,True,teacher
teacher_adityayadav15,,Aditya Yadav,teacher_adityayadav15@example.com,hashedpassword123,https://randomuser.me/api/portraits/men/46.jpg,Experienced educator in computer science and software engineering.,male,9859392052,Faculty,Cloud Computing,True,teacher
teacher_riteshshinde16,,Ritesh Shinde,teacher_riteshshinde16@example.com,hashedpassword123,https://randomuser.me/api/portraits/men/47.jpg,Experienced educator in computer science and software engineering.,male,9616999761,Faculty,Cloud Computing,True,teacher
teacher_snehapatil17,,Sneha Patil,teacher_snehapatil17@example.com,hashedpassword123,https://randomuser.me/api/portraits/women/48.jpg,Experienced educator in computer science and software engineering.,female,9887889082,Faculty,Web Development,True,teacher
teacher_poojapawar18,,Pooja Pawar,teacher_poojapawar18@example.com,hashedpassword123,https://randomuser.me/api/portraits/women/49.jpg,Experienced educator in computer science and software engineering.,female,9871040598,Faculty,Mobile Development,True,teacher
teacher_arjunyadav19,,Arjun Yadav,teacher_arjunyadav19@example.com,hashedpassword123,https://randomuser.me/api/portraits/men/50.jpg,Experienced educator in computer science and software engineering.,male,9288318523,Faculty,DevOps,True,teacher
teacher_swatichavan20,,Swati Chavan,teacher_swatichavan20@example.com,hashedpassword123,https://randomuser.me/api/portraits/women/51.jpg,Experienced educator in computer science and software engineering.,female,9807421892,Faculty,UI/UX,True,teacher
teacher_divyajoshi21,,Divya Joshi,teacher_divyajoshi21@example.com,hashedpassword123,https://randomuser.me/api/portraits/women/52.jpg,Experienced educator in computer science and software engineering.,female,9198901727,Faculty,Cloud Computing,True,teacher
teacher_nikhilkulkarni22,,Nikhil Kulkarni,teacher_nikhilkulkarni22@example.com,hashedpassword123,https://randomuser.me/api/portraits/men/53.jpg,Experienced educator in computer science and software engineering.,male,9111556693,Faculty,Web Development,True,teacher
teacher_shrutikulkarni23,,Shruti Kulkarni,teacher_shrutikulkarni23@example.com,hashedpassword123,https://randomuser.me/api/portraits/women/54.jpg,Experienced educator in computer science and software engineering.,female,9003725556,Faculty,UI/UX,True,teacher
teacher_ankitjadhav24,,Ankit Jadhav,teacher_ankitjadhav24@example.com,hashedpassword123,https://randomuser.me/api/portraits/men/55.jpg,Experienced educator in computer science and software engineering.,male,9465117216,Faculty,Cloud Computing,True,teacher
teacher_ishajoshi25,,Isha Joshi,teacher_ishajoshi25@example.com,hashedpassword123,https://randomuser.me/api/portraits/women/56.jpg,Experienced educator in computer science and software engineering.,female,9318478033,Faculty,Data Science,True,teacher
teacher_swatipatel26,,Swati Patel,teacher_swatipatel26@example.com,hashedpassword123,https://randomuser.me/api/portraits/women/57.jpg,Experienced educator in computer science and software engineering.,female,9357647835,Faculty,Data Science,True,teacher
teacher_rashmimore27,,Rashmi More,teacher_rashmimore27@example.com,hashedpassword123,https://randomuser.me/api/portraits/women/58.jpg,Experienced educator in computer science and software engineering.,female,9990680303,Faculty,Data Science,True,teacher
teacher_rohitpatel28,,Rohit Patel,teacher_rohitpatel28@example.com,hashedpassword123,https://randomuser.me/api/portraits/men/59.jpg,Experienced educator in computer science and software engineering.,male,9416443550,Faculty,DevOps,True,teacher
teacher_ishashinde29,,Isha Shinde,teacher_ishashinde29@example.com,hashedpassword123,https://randomuser.me/api/portraits/women/60.jpg,Experienced educator in computer science and software engineering.,female,9196554538,Faculty,DevOps,True,teacher
teacher_tanvikumar30,,Tanvi Kumar,teacher_tanvikumar30@example.com,hashedpassword123,https://randomuser.me/api/portraits/women/61.jpg,Experienced educator in computer science and software engineering.,female,9240394519,Faculty,Cyber Security,True,teacher
teacher_riteshchavan31,,Ritesh Chavan,teacher_riteshchavan31@example.com,hashedpassword123,https://randomuser.me/api/portraits/men/62.jpg,Experienced educator in computer science and software engineering.,male,9742327047,Faculty,Web Development,True,teacher
teacher_riteshdeshmukh32,,Ritesh Deshmukh,teacher_riteshdeshmukh32@example.com,hashedpassword123,https://randomuser.me/api/portraits/men/63.jpg,Experienced educator in computer science and software engineering.,male,9569891242,Faculty,Cyber Security,True,teacher
teacher_nishajadhav33,,Nisha Jadhav,teacher_nishajadhav33@example.com,hashedpassword123,https://randomuser.me/api/portraits/women/64.jpg,Experienced educator in computer science and software engineering.,female,9432505634,Faculty,UI/UX,True,teacher
teacher_nikhilpatel34,,Nikhil Patel,teacher_nikhilpatel34@example.com,hashedpassword123,https://randomuser.me/api/portraits/men/65.jpg,Experienced educator in computer science and software engineering.,male,9877420000,Faculty,Data Science,True,teacher
teacher_harshdeshmukh35,,Harsh Deshmukh,teacher_harshdeshmukh35@example.com,hashedpassword123,https://randomuser.me/api/portraits/men/66.jpg,Experienced educator in computer science and software engineering.,male,9163553028,Faculty,Mobile Development,True,teacher
teacher_riteshpatil36,,Ritesh Patil,teacher_riteshpatil36@example.com,hashedpassword123,https://randomuser.me/api/portraits/men/67.jpg,Experienced educator in computer science and software engineering.,male,9180015684,Faculty,Web Development,True,teacher
teacher_swatideshmukh37,,Swati Deshmukh,teacher_swatideshmukh37@example.com,hashedpassword123,https://randomuser.me/api/portraits/women/68.jpg,Experienced educator in computer science and software engineering.,female,9730408788,Faculty,UI/UX,True,teacher
teacher_aditipatil38,,Aditi Patil,teacher_aditipatil38@example.com,hashedpassword123,https://randomuser.me/api/portraits/women/69.jpg,Experienced educator in computer science and software engineering.,female,9562741247,Faculty,Mobile Development,True,teacher
teacher_divyasharma39,,Divya Sharma,teacher_divyasharma39@example.com,hashedpassword123,https://randomuser.me/api/portraits/women/70.jpg,Experienced educator in computer science and software engineering.,female,9971767956,Faculty,Cloud Computing,True,teacher
teacher_riteshchavan40,,Ritesh Chavan,teacher_riteshchavan40@example.com,hashedpassword123,https://randomuser.me/api/portraits/men/71.jpg,Experienced educator in computer science and software engineering.,male,9190856894,Faculty,UI/UX,True,teacher
teacher_payalmore41,,Payal More,teacher_payalmore41@example.com,hashedpassword123,https://randomuser.me/api/portraits/women/72.jpg,Experienced educator in computer science and software engineering.,female,9932411987,Faculty,DevOps,True,teacher
teacher_swativerma42,,Swati Verma,teacher_swativerma42@example.com,hashedpassword123,https://randomuser.me/api/portraits/women/73.jpg,Experienced educator in computer science and software engineering.,female,9713723419,Faculty,Data Science,True,teacher
teacher_shrutiyadav43,,Shruti Yadav,teacher_shrutiyadav43@example.com,hashedpassword123,https://randomuser.me/api/portraits/women/74.jpg,Experienced educator in computer science and software engineering.,female,9415719284,Faculty,Web Development,True,teacher
teacher_shrutiverma44,,Shruti Verma,teacher_shrutiverma44@example.com,hashedpassword123,https://randomuser.me/api/portraits/women/75.jpg,Experienced educator in computer science and software engineering.,female,9777004130,Faculty,Cyber Security,True,teacher
teacher_ankitkumar45,,Ankit Kumar,teacher_ankitkumar45@example.com,hashedpassword123,https://randomuser.me/api/portraits/men/76.jpg,Experienced educator in computer science and software engineering.,male,9580263589,Faculty,Mobile Development,True,teacher
teacher_swatiyadav46,,Swati Yadav,teacher_swatiyadav46@example.com,hashedpassword123,https://randomuser.me/api/portraits/women/77.jpg,Experienced educator in computer science and software engineering.,female,9766481780,Faculty,UI/UX,True,teacher
teacher_ankitjoshi47,,Ankit Joshi,teacher_ankitjoshi47@example.com,hashedpassword123,https://randomuser.me/api/portraits/men/78.jpg,Experienced educator in computer science and software engineering.,male,9523495355,Faculty,Data Science,True,teacher
teacher_adityajadhav48,,Aditya Jadhav,teacher_adityajadhav48@example.com,hashedpassword123,https://randomuser.me/api/portraits/men/79.jpg,Experienced educator in computer science and software engineering.,male,9211404751,Faculty,Cyber Security,True,teacher
teacher_rahulshinde49,,Rahul Shinde,teacher_rahulshinde49@example.com,hashedpassword123,https://randomuser.me/api/portraits/men/80.jpg,Experienced educator in computer science and software engineering.,male,9008354478,Faculty,UI/UX,True,teacher
